Tipo	Pregunta	Gold standard	Respuesta bot	Score		Aluc.	Comentario juez
cobertura	¿MutuaLyF cubre a mi familia o solo a mí como afiliado?	MutuaLyF brinda cobertura médico-asistencial a los trabajadores del Sindicato de Luz	No encontré esa información en los documentos disponibles. Te recomiendo consultar di	2.0	❌	bajo	El bot no alucinó ni inventó datos, pero fue completamente evasivo al no responder un
general	¿Desde cuándo existe MutuaLyF?	MutuaLyF fue fundada en 1999 como institución de servicios de salud para trabajadores	MutuaLyF inició sus actividades en 1999.	4.3	✅	bajo	La respuesta es correcta en el dato clave (año 1999) pero omite el contexto instituci
general	¿Qué servicios ofrece MutuaLyF además de atención médica?	MutuaLyF ofrece servicios de salud orientados a cuidar, prevenir y promover el bienes	MutuaLyF ofrece los siguientes servicios además de atención médica: - Programa Mater	4.0	⚠️	medio	La respuesta es detallada y relevante, pero lista servicios específicos que no están
contacto	¿Cuál es el teléfono gratuito para llamar a la mutual?	El teléfono gratuito es el 0800 777 4413, disponible de lunes a viernes de 7:30 a 19:	El teléfono gratuito para llamar a la mutual es el 0800 777 4413, disponible de lunes	5.0	✅	bajo	La respuesta del bot es prácticamente idéntica al ground truth, incluyendo todos los
horarios	¿Hasta qué hora atienden en la sede de la mutual de manera presencial?	La atención presencial es de lunes a viernes de 8:00 a 15:00 horas en los Boxes 1 a 3	La atención presencial en la sede de la mutual es de lunes a viernes de 8:00 a 15:00	4.5	✅	bajo	La respuesta es correcta y responde exactamente lo preguntado sobre el horario, pero
contacto	¿Puedo comunicarme por WhatsApp con la mutual y cómo funciona?	Sí, el WhatsApp general es +54 9 342 429-1192, pero solo acepta chat escrito. No está	Sí, puedes comunicarte por WhatsApp con la mutual. El número es +54 9 342 429-1192, p	4.0	⚠️	medio	El bot responde correctamente el núcleo de la pregunta pero agrega números de WhatsAp
app	¿Dónde puedo entrar a mi cuenta de MutuaLyF para ver mis datos?	Podés acceder al Portal de autogestión Mi MutuaLyF en https://www.luzyfuerza.org.ar/m	Puedes acceder a tu cuenta de MutuaLyF a través del portal Mi MutuaLyF en este enlace	4.3	⚠️	medio	La respuesta incluye el enlace correcto pero agrega información sobre una App móvil (
app	¿Qué puedo hacer desde el portal de Mi MutuaLyF?	Mi MutuaLyF es un portal de autogestión donde podés gestionar tu cuenta y consultar i	Desde el portal de Mi MutuaLyF, puedes: 1. Solicitar órdenes médicas. 2. Consultar e	3.3	❌	alto	El bot responde con detalle y aparente utilidad, pero inventa funcionalidades específ
general	¿Existe algún acceso especial para los médicos y clínicas que atienden a MutuaLyF?	Sí, los prestadores pueden acceder a través de https://luzyfuerzasantafe.com.ar/mi-mu	Sí, los prestadores de servicios médicos tienen acceso a una plataforma específica pa	5.0	✅	bajo	La respuesta del bot es completa, correcta y coincide exactamente con el ground truth
cobertura	¿Puedo elegir cualquier médico o tengo restricciones?	Sí, podés elegir libremente tu médico entre el 99% del Padrón del Colegio de Médicos.	Los afiliados pueden elegir libremente su médico entre el 99% del Padrón del Colegio	4.3	✅	bajo	La respuesta es correcta y fiel a los datos reales, pero omite mencionar el Centro Mé
tramite	¿Cómo pido una orden médica para atenderme?	Podés solicitar órdenes médicas de dos formas: a través del portal Mi MutuaLyF o de m	Las órdenes médicas se pueden solicitar a través del portal Mi MutuaLyF, desde la apl	4.25	⚠️	medio	La respuesta es completa y relevante, pero agrega datos no verificables en el ground
cobertura	¿Qué especialidades médicas están cubiertas?	MutuaLyF cubre múltiples especialidades en su Centro Médico propio. Además, las prest	El Centro Médico de MutuaLyF cuenta con profesionales en las siguientes especialidade	4.5	⚠️	medio	La respuesta es muy completa y detallada, superando al ground truth con una lista ext
app	¿Dónde descargo la app FARMA para ver qué medicamentos cubre la mutual?	Podés descargar la app FARMA desde Google Play (https://play.google.com/store/apps/de	Puedes descargar la app FARMA desde: - Google Play: [FARMA en Google Play](https://p	4.8	✅	bajo	La respuesta es correcta y completa en los datos esenciales (ambos links correctos),
app	¿Qué puedo hacer en la app FARMA? ¿Puedo ver mis recetas y medicamentos ahí?	Sí, en la app FARMA tenés varias secciones: Cobertura (buscás el medicamento y ves si	En la app FARMA puedes hacer lo siguiente: - Buscar medicamentos prescriptos y verif	4.0	⚠️	medio	La respuesta cubre bien las funciones principales de FARMA pero agrega detalles no ve
tramite	¿Cómo inicio un trámite de medicamento crónico? ¿Puedo hacerlo yo desde la app?	No, vos no podés iniciar el trámite de medicamentos crónicos por tu cuenta. Tenés que	Las fichas de tratamientos prolongados para medicamentos crónicos deben ser iniciadas	4.3	⚠️	medio	La respuesta es completa y relevante, pero agrega 'Mi MutuaLyF' como canal de seguimi
general	¿Todavía puedo usar recetas en papel en MutuaLyF?	No, las recetas en papel fueron eliminadas definitivamente a partir de junio de 2024.	A partir de junio de 2024, se eliminó definitivamente la receta médica en formato pap	4.0	⚠️	medio	La respuesta es relevante y correcta en lo esencial, pero agrega información no verif
general	Si tengo un tratamiento crónico, ¿cuántas recetas me puede dar el médico en una consu	El médico puede emitir hasta tres recetas por consulta para tratamientos crónicos vig	El médico puede emitir hasta tres recetas por consulta para pacientes con tratamiento	3.8	⚠️	medio	El bot responde correctamente el dato central (hasta 3 recetas por consulta), pero om
general	¿Cuál es la ventaja de que el médico me dé tres recetas juntas si tengo una enfermeda	La ventaja es que evitás visitas innecesarias al consultorio. Al recibir tres recetas	La ventaja de que el médico te dé hasta tres recetas juntas es que evita visitas inne	4.8	✅	bajo	La respuesta del bot cubre correctamente la ventaja principal (evitar visitas inneces
app	¿Dónde puedo sacar mis órdenes médicas ahora?	Las órdenes médicas se gestionan de forma digital a través del portal Mi MutuaLyF. La	Las órdenes médicas se gestionan de forma digital a través del portal Mi MutuaLyF o d	3.5	⚠️	medio	El bot responde la pregunta correctamente en cuanto al portal digital, pero agrega in
app	¿Cómo accedo al portal para gestionar mis órdenes?	Podés acceder al portal Mi MutuaLyF ingresando a https://luzyfuerzasantafe.com.ar/mi-	Puedes acceder al portal para gestionar tus órdenes médicas a través de Mi MutuaLyF W	3.0	❌	alto	El bot responde la pregunta pero proporciona una URL incorrecta (luzyfuerza.org.ar en
general	¿Todavía dan órdenes de papel o ya no?	No, las órdenes impresas en papel dejaron de emitirse en octubre de 2024. Ahora solo	A partir del 1 de octubre de 2024, ya no se emiten órdenes médicas en formato papel.	4.3	⚠️	medio	La respuesta es relevante y completa, pero agrega información no verificable en el gr
app	¿Dónde puedo sacar una orden médica sin ir a la oficina?	Podés solicitar órdenes médicas a través del portal Mi MutuaLyF Web en https://www.lu	Puedes solicitar una autorización médica a través del portal Mi MutuaLyF (https://www	4.0	⚠️	medio	La respuesta es relevante y completa, pero agrega canales alternativos (app móvil y W
app	¿Con qué puedo pagar en Mi MutuaLyF Web?	En Mi MutuaLyF Web podés pagar con tarjeta de débito, tarjeta de crédito, billetera M	En Mi MutuaLyF Web puedes pagar con: - Tarjeta de débito - Tarjeta de crédito - Bill	5.0	✅	bajo	La respuesta del bot cubre todos los medios de pago mencionados en el ground truth, i
app	¿Puedo consultar mis autorizaciones médicas desde el celular o la computadora?	Sí, podés consultar el estado de tus autorizaciones a través del portal Mi MutuaLyF W	Sí, puedes consultar tus autorizaciones médicas desde el celular o la computadora a t	3.3	⚠️	medio	El bot responde correctamente que sí es posible consultar autorizaciones de forma dig
app	¿Dónde puedo descargar la app Mi MutuaLyF?	Podés descargar Mi MutuaLyF desde Google Play si tenés Android (https://play.google.c	Puedes descargar la app Mi MutuaLyF desde los siguientes enlaces: - Para Android: [G	5.0	✅	bajo	La respuesta del bot es completamente correcta, incluye ambos enlaces exactos del gro
app	¿Qué puedo hacer desde la app Mi MutuaLyF?	Desde Mi MutuaLyF podés sacar turnos, reservar citas, pagar de manera digital, gestio	Desde la app Mi MutuaLyF puedes: 1. Solicitar órdenes médicas. 2. Gestionar la emisi	3.8	⚠️	medio	El bot responde con formato claro e incluye funciones correctas, pero agrega ítems no
app	¿La app Mi MutuaLyF está disponible para iPhone?	Sí, Mi MutuaLyF está disponible para iPhone. Podés descargarla desde App Store en est	Sí, la app Mi MutuaLyF está disponible para iPhone. Puedes descargarla desde la App S	4.3	⚠️	medio	La respuesta es correcta en su contenido pero omite el link directo a la App Store, q
horarios	¿Hasta qué hora atienden en la sede de MutuaLyF?	La atención presencial en la sede de Junín 2961, Santa Fe, es de lunes a viernes de 8	La sede de MutuaLyF atiende de lunes a viernes de 8:00 a 15:00 horas.	4.3	✅	bajo	La respuesta es correcta en el dato clave del horario pero omite la dirección (Junín
contacto	¿Cuál es el número de teléfono para solicitar una autorización?	Para consultas sobre autorizaciones podés llamar al 0342 452 0074 / 75, internos 1877	El número de teléfono para solicitar una autorización es 0342 452 0074 / 75, internos	4.5	✅	bajo	La respuesta es correcta y relevante pero omite el canal de WhatsApp disponible para
tramite	¿Puedo pagar el coseguro en la sede y en qué horario?	Sí, el pago del coseguro en forma presencial se realiza en efectivo en la sede de Jun	Sí, el pago del coseguro se puede realizar en la sede de Junín 2961, Santa Fe, en efe	4.5	✅	bajo	La respuesta es correcta y completa en sus datos principales, pero omite el detalle e
contacto	¿Cuál es el número para averiguar dónde está la filial más cercana a mi casa?	Podés comunicarte con la sede central de MutuaLyF al 0342 452 0074 / 75 para consulta	Puedes comunicarte con la sede central al 0342 452 0074 / 75 o escribir al WhatsApp (	4.0	⚠️	medio	El bot responde correctamente la pregunta e incluye el teléfono verificado, pero agre
general	¿Tienen filial en mi localidad? ¿Cómo me entero?	MutuaLyF tiene filiales distribuidas en toda la provincia de Santa Fe en más de 100 l	Para saber si hay una filial de MutuaLyF en tu localidad, puedes comunicarte con la s	4.2	⚠️	medio	La respuesta es correcta y útil en cuanto a los datos de contacto, pero omite el dato
contacto	¿Puedo consultar por la filial por WhatsApp?	Sí, podés escribir al WhatsApp (0342) 15 4 291 192 para consultar sobre las filiales.	Sí, puedes consultar por la filial a través de WhatsApp. Solo debes escribir al númer	4.8	✅	bajo	La respuesta es correcta y relevante, incluye el número exacto y la aclaración de sol
app	¿Dónde puedo descargar la app FARMA?	La app FARMA está disponible en Google Play, App Store y también directamente dentro	Puedes descargar la app FARMA desde: - Google Play: [FARMA en Google Play](https://p	3.5	⚠️	medio	El bot responde la pregunta correctamente mencionando Google Play y App Store, pero o
app	¿Para qué sirve la aplicación FARMA?	La app FARMA te permite consultar coberturas de medicamentos. A partir de agosto de 2	La aplicación FARMA permite a los afiliados: - Consultar la cobertura de medicamento	3.3	❌	alto	El bot responde con detalle sobre la funcionalidad de FARMA pero inventa múltiples ca
app	¿Puedo usar FARMA desde Mi MutuaLyF o tengo que descargar una app aparte?	A partir de agosto de 2025, FARMA estará disponible directamente dentro de Mi MutuaLy	Puedes usar la aplicación FARMA directamente desde la plataforma Mi MutuaLyF, además	3.5	⚠️	medio	El bot responde correctamente que FARMA estará integrada en Mi MutuaLyF y disponible
cobertura	¿Puedo pedir más de una receta en la misma consulta si tengo un tratamiento crónico?	Sí, desde abril de 2025 los médicos pueden emitir hasta 3 recetas por consulta para p	Sí, los médicos pueden emitir hasta tres recetas por consulta para pacientes con trat	4.3	⚠️	medio	La respuesta es relevante y completa, pero omite la fecha de vigencia (abril de 2025)
cobertura	¿Cuántas recetas me pueden dar en una sola consulta para mi enfermedad crónica?	Te pueden emitir hasta 3 recetas por consulta para tratamientos crónicos, lo que sign	El médico puede emitir hasta tres recetas por consulta para pacientes con tratamiento	4.8	✅	bajo	La respuesta es correcta y relevante; agrega la aclaración útil de '3 meses de medica
general	¿A partir de cuándo puedo sacar varias recetas en una misma visita al médico?	A partir de abril de 2025 está disponible esta opción. Los médicos pueden emitir hast	Desde abril de 2025, los médicos pueden emitir hasta tres recetas por consulta para p	5.0	✅	bajo	La respuesta del bot es prácticamente idéntica al ground truth, incluyendo todos los
app	¿Cómo hago para gestionar mis órdenes médicas desde el celular?	Podés gestionar tus órdenes médicas desde la aplicación Mi MutuaLyF. Te recomendamos	Para gestionar tus órdenes médicas desde el celular, puedes usar la App Mi MutuaLyF.	3.5	⚠️	medio	El bot identifica correctamente la App Mi MutuaLyF pero agrega pasos detallados no ve
app	¿Dónde puedo encontrar el instructivo para usar las órdenes digitales?	El instructivo completo para gestionar órdenes médicas desde Mi MutuaLyF está disponi	No encontré esa información en los documentos disponibles. Te recomiendo consultar di	2.0	❌	bajo	El bot no inventó datos pero falló completamente en proveer la información solicitada
tramite	¿Puedo sacar mis órdenes médicas online o tengo que ir a la sede?	Sí, podés gestionar tus órdenes médicas de forma digital directamente desde la aplica	Puedes gestionar tus órdenes médicas de forma digital a través del portal Mi MutuaLyF	3.5	⚠️	medio	El bot responde correctamente que no es necesario ir a la sede y menciona la app Mi M
tramite	¿Cómo hago ahora para sacar una orden médica? ¿Todavía se pueden imprimir?	A partir del 1 de octubre de 2024, las órdenes médicas ya no se emiten en papel. Debé	Las órdenes médicas se gestionan de forma digital a través del portal Mi MutuaLyF o d	4.0	⚠️	medio	El bot responde correctamente sobre la digitalización y la fecha de corte, pero agreg
tramite	¿Puedo tramitar la autorización de una orden desde mi casa o tengo que ir a la mutual	Podés hacerlo de las dos formas: desde tu casa a través del portal Mi MutuaLyF, o de	Puedes tramitar la autorización de una orden desde tu casa a través del portal Mi Mut	4.25	⚠️	medio	La respuesta es relevante y completa, pero menciona una 'aplicación disponible' que n
general	¿Qué pasó con las órdenes en papel? ¿Desde cuándo no las emiten más?	Desde el 1 de octubre de 2024 dejamos de emitir órdenes médicas en formato papel. Aho	Las órdenes médicas impresas en papel dejaron de emitirse a partir del 1 de octubre d	4.3	⚠️	medio	La respuesta es precisa y completa en lo esencial, pero agrega la dirección física 'J
general	¿Todavía puedo usar recetas en papel o ya no sirven?	No, a partir de junio de 2024 se eliminó definitivamente la receta médica en formato	A partir de junio de 2024, la receta médica en formato papel fue eliminada definitiva	4.8	✅	bajo	La respuesta es prácticamente idéntica al ground truth en contenido y precisión, aunq
tramite	¿Cómo hacen los médicos para enviarme la receta ahora sin papel?	Los médicos emiten las recetas electrónicas a través de las plataformas habilitadas p	Los médicos emiten recetas electrónicas a través de las plataformas habilitadas por e	4.0	⚠️	medio	La respuesta es relevante y completa, pero agrega un dato específico no verificable (
general	¿Desde cuándo dejaron de aceptar recetas de papel en las farmacias?	Desde junio de 2024 se eliminó definitivamente la receta médica en formato papel. A p	A partir de junio de 2024, se eliminó definitivamente la receta médica en formato pap	4.8	✅	bajo	La respuesta es precisa y consistente con el ground truth, aunque omite la mención ex
horarios	¿Cuál es el horario de atención del Centro Médico?	El Centro Médico de MutuaLyF atiende de lunes a viernes de 7:30 a 19:00 horas de form	El horario de atención del Centro Médico de MutuaLyF es de lunes a viernes de 7:30 a	3.8	⚠️	medio	El horario es correcto pero el bot omite la disponibilidad telefónica mencionada en e
contacto	¿Cómo saco turno en el Centro Médico?	Podés sacar turno de tres formas: a través de Mi MutuaLyF Web (https://www.luzyfuerza	Los turnos en el Centro Médico de MutuaLyF se pueden gestionar de las siguientes mane	4.3	⚠️	medio	La respuesta es completa y correcta en todos los canales de atención, pero agrega la
general	¿Qué especialidades tiene el Centro Médico de MutuaLyF?	El Centro Médico cuenta con las siguientes especialidades: Bioquímica, Cardiología, D	El Centro Médico de MutuaLyF cuenta con profesionales en las siguientes especialidade	4.3	⚠️	medio	La respuesta incluye correctamente todas las especialidades del ground truth pero agr
general	¿Desde cuándo existe MutuaLyF?	MutuaLyF inició sus actividades en 1999 para administrar los servicios de salud del S	MutuaLyF inició sus actividades en 1999.	4.5	✅	bajo	La respuesta es correcta y no contiene datos inventados, pero omite el contexto relev
general	¿Qué es lo que hace MutuaLyF exactamente?	MutuaLyF gestiona los servicios de salud (OSFATLYF) administrando los recursos dispon	MutuaLyF gestiona los servicios de salud en el ámbito del Sindicato de Luz y Fuerza d	4.3	⚠️	medio	La respuesta es relevante y completa, pero agrega detalles específicos (cobertura pro
general	¿MutuaLyF incorporó tecnología en los últimos años?	Sí, desde 2015 MutuaLyF inició un proceso de autogestión y reestructuración que se pr	Sí, MutuaLyF ha incorporado herramientas tecnológicas y modernizado su gestión desde	3.8	⚠️	medio	El bot omite el inicio del proceso desde 2015 y agrega información no verificable sob
general	¿Qué diferencia a MutuaLyF de las otras prepagas?	MutuaLyF se diferencia por su espíritu solidario: el aporte de cada afiliado financia	MutuaLyF se diferencia del mercado de prepagas por su espíritu solidario, donde el ap	4.8	✅	bajo	La respuesta cubre todos los puntos del ground truth con precisión, agregando solo un
general	¿Cómo funciona el sistema de aportes en MutuaLyF?	En MutuaLyF, el aporte de cada afiliado financia un mejor servicio para el conjunto.	No encontré esa información en los documentos disponibles. Te recomiendo consultar di	2.5	⚠️	bajo	El bot no alucina ni inventa datos, pero falla completamente en dar información útil
general	¿MutuaLyF busca soluciones para mis necesidades de salud?	Sí, MutuaLyF aborda los problemas de sus afiliados de manera integral y busca solucio	Sí, MutuaLyF aborda los problemas de sus afiliados de manera integral y busca solucio	5.0	✅	bajo	La respuesta del bot replica fielmente el contenido del ground truth con una leve ref
tramite	¿Qué tengo que hacer antes de ir a un estudio médico en MutuaLyF?	El Centro Médico MutuaLyF requiere que cumplas con ciertas preparaciones previas segú	Para realizar un estudio médico en el Centro Médico MutuaLyF, es necesario cumplir co	4.5	✅	bajo	La respuesta del bot es consistente con el ground truth, transmite correctamente que
tramite	¿Necesito prepararme de alguna forma especial antes de hacerme un análisis?	Sí, el Centro Médico MutuaLyF requiere preparaciones previas según el tipo de estudio	Tu consulta es un poco vaga. ¿Podrías especificar qué tipo de análisis o estudio médi	2.5	⚠️	bajo	El bot no responde la pregunta sino que la devuelve al usuario pidiendo más detalles,
general	¿Dónde puedo encontrar la información de qué debo hacer antes de ir al Centro Médico?	El Centro Médico MutuaLyF detalla la preparación necesaria según cada tipo de estudio	No encontré esa información en los documentos disponibles. Te recomiendo consultar di	2.8	⚠️	bajo	El bot no inventó datos (faithfulness alto), pero fue demasiado evasivo: no mencionó
general	¿Qué tengo que hacer antes de ir a una ecografía abdominal?	Para la ecografía abdominal necesitás ayuno absoluto de sólidos y líquidos de al meno	Para la ecografía abdominal, se requiere: 1. Ayuno absoluto de sólidos y líquidos de	5.0	✅	bajo	La respuesta del bot contiene exactamente la misma información que el ground truth, p
general	¿Cómo me preparo para una ecografía de próstata?	Para la ecografía prostática tenés que vaciar la vejiga una hora antes de la consulta	Para la ecografía prostática, debes vaciar la vejiga una hora antes de la consulta y	5.0	✅	bajo	La respuesta del bot replica con precisión todos los datos del ground truth: vaciar v
general	¿Qué debo hacer antes de una ecografía vesical o renal?	Para la ecografía vesical o renal debés vaciar la vejiga una hora antes de la consult	Para la ecografía vesical o prostática, debes: 1. Vaciar la vejiga una hora antes de	3.8	⚠️	medio	El bot da instrucciones correctas pero las asocia a ecografía prostática en lugar de
general	¿Qué tengo que hacer antes de ir a una ecografía ginecológica?	Para la ecografía obstétrica o pélvica debes beber 1 litro de agua una hora antes del	No encontré esa información en los documentos disponibles. Te recomiendo consultar di	2.0	❌	bajo	El bot no proporcionó ninguna información útil sobre la preparación requerida, siendo
general	¿Necesito prepararme de alguna forma para una ecografía transvaginal?	No, la ecografía transvaginal no requiere preparación de retención de líquidos ni ayu	La ecografía transvaginal no requiere preparación de retención de líquidos ni ayuno p	4.5	✅	bajo	La respuesta es correcta y fiel al ground truth, pero omite la conclusión tranquiliza
general	¿Cuánta agua tengo que tomar antes de una ecografía pélvica?	Debes beber 1 litro de agua una hora antes del turno y retener la orina para lograr u	Para la ecografía pélvica, debes beber 1 (un) litro de agua una hora antes del turno	5.0	✅	bajo	La respuesta del bot es idéntica al ground truth en contenido, agregando únicamente l
general	¿Necesito ayunar antes de hacerme una ecografía mamaria?	No, la ecografía mamaria no requiere ayuno ni preparación especial previa al turno.	No, la ecografía mamaria no requiere ningún tipo de ayuno ni preparación especial pre	5.0	✅	bajo	La respuesta del bot es prácticamente idéntica al ground truth, confirmando correctam
general	¿Qué tengo que hacer antes de ir a una ecografía de tiroides?	La ecografía de tiroides no requiere ningún tipo de preparación especial. Podés ir di	No se requiere ningún tipo de ayuno ni preparación especial previa al turno para una	4.8	✅	bajo	La respuesta es correcta y relevante; agrega el detalle útil sobre el ayuno que el gr
general	¿Hay que prepararse de alguna forma para un Doppler vascular?	No, el Doppler vascular no requiere ayuno ni preparación especial previa al turno.	No se requiere ningún tipo de ayuno ni preparación especial previa al turno para un D	5.0	✅	bajo	La respuesta del bot es semánticamente idéntica al ground truth, confirmando que no s
profesional	¿Qué médicos atienden en el Centro Médico de MutuaLyF?	El Centro Médico MutuaLyF se encuentra ubicado en Junín 2956, Santa Fe. Contamos con	No encontré esa información en los documentos disponibles. Te recomiendo consultar di	2.8	⚠️	bajo	El bot no alucinó datos pero fue evasivo e incompleto, omitiendo información clave co
contacto	¿Dónde queda el Centro Médico de MutuaLyF?	El Centro Médico MutuaLyF está ubicado en Junín 2956, Santa Fe.	El Centro Médico de MutuaLyF está ubicado en Junín 2956, Santa Fe.	5.0	✅	bajo	La respuesta del bot es prácticamente idéntica al ground truth, proporcionando la dir
profesional	¿Cómo saco turno con los médicos del Centro Médico?	Para sacar turno con los profesionales del Centro Médico MutuaLyF (ubicado en Junín 2	Los turnos en el Centro Médico de MutuaLyF se pueden gestionar de las siguientes mane	4.0	⚠️	medio	La respuesta es completa y relevante, pero incluye canales específicos (web, turnero
profesional	¿Cuándo atiende la psicopedagoga Melina Abba?	La Dra. Melina Vanesa Abba atiende los jueves de 14:00 a 16:00 horas en el Centro Méd	La psicopedagoga Melina Abba atiende los jueves de 14:00 a 16:00 horas en el Centro M	4.8	✅	bajo	La respuesta es prácticamente idéntica al ground truth, con la única diferencia menor
profesional	¿Qué especialista de psicopedagogía tienen en MutuaLyF?	Contamos con la Dra. Melina Vanesa Abba, especialista en Psicopedagogía, que atiende	En MutuaLyF, el especialista en psicopedagogía es Melina Vanesa Abba. Ella atiende en	4.0	⚠️	medio	El bot responde correctamente el nombre y la dirección, pero agrega un horario especí
profesional	¿Dónde puedo sacar turno con la psicopedagoga y qué días atiende?	La psicopedagoga Melina Vanesa Abba atiende únicamente los jueves de 14:00 a 16:00 en	Puedes sacar turno con la psicopedagoga Melina Abba en el Centro Médico MutuaLyF, ubi	4.3	⚠️	medio	La respuesta es precisa en los datos clave pero omite indicar cómo sacar turno y agre
profesional	¿Cuándo atiende el Dr. Abraham Juan Carlos?	El Dr. Abraham Juan Carlos atiende los martes de 13:00 a 14:50 horas en el Centro Méd	El Dr. Abraham Juan Carlos atiende los martes de 13:00 a 14:50 horas en el Centro Méd	4.5	⚠️	medio	La respuesta es correcta y completa en los datos del ground truth, pero agrega la dir
profesional	¿Qué traumatólogo tienen disponible en MutuaLyF?	Contamos con el Dr. Abraham Juan Carlos, especialista en Traumatología, que atiende e	En el Centro Médico MutuaLyF hay dos traumatólogos disponibles: - **Abraham Juan Car	4.0	⚠️	medio	El bot responde con detalle y agrega horarios útiles, pero incluye un segundo médico
profesional	¿El Dr. Abraham de traumatología atiende los martes?	Sí, el Dr. Abraham Juan Carlos atiende los martes de 13:00 a 14:50 horas en el Centro	Sí, el Dr. Abraham Juan Carlos, especialista en traumatología, atiende los martes de	5.0	✅	bajo	La respuesta del bot es idéntica al ground truth en todos los datos relevantes, agreg
profesional	¿Cuándo atiende la Dra. Adrover de obstetricia?	La Dra. Jesica Adrover atiende los lunes y martes de 14:00 a 15:45 horas en el Centro	La Dra. Adrover de obstetricia atiende en el Centro Médico MutuaLyF, Junín 2956, Sant	4.8	✅	bajo	La respuesta contiene todos los datos correctos (días, horario y dirección) aunque om
profesional	¿La Dra. Adrover atiende los sábados?	No, la Dra. Jesica Adrover solo atiende lunes y martes de 14:00 a 15:45 horas. No tie	No encontré esa información en los documentos disponibles. Te recomiendo consultar di	2.8	⚠️	bajo	El bot no alucinó ni inventó datos, pero falló en recuperar información que sí existe
profesional	¿Cómo saco turno con la obstetra Adrover?	Para sacar turno con la Dra. Jesica Adrover, podés comunicarte al Centro Médico Mutua	Para sacar un turno con la obstetra Jesica Adrover, puedes hacerlo de las siguientes	4.3	⚠️	medio	La respuesta es completa y relevante, pero incluye canales de atención (web, turnero
profesional	¿Qué días atiende la psicóloga Natalia Aguirre?	La Dra. Natalia Aguirre atiende los lunes de 12:20 a 15:50 horas en el Centro Médico	Natalia Aguirre atiende los lunes de 12:20 a 15:50 horas en el Centro Médico MutuaLyF	4.8	✅	bajo	La respuesta es correcta y relevante, pero omite la dirección exacta del centro médic
profesional	¿Cómo saco turno con la psicóloga Natalia Aguirre?	Para sacar turno con la Dra. Natalia Aguirre (Psicología), podés comunicarte al númer	No encontré esa información en los documentos disponibles. Te recomiendo consultar di	2.8	⚠️	bajo	El bot no alucinó ni inventó datos, pero falló en recuperar información disponible so
profesional	¿Hay psicólogo disponible? ¿En qué horarios atiende?	Sí, contamos con la Dra. Natalia Aguirre especializada en Psicología. Atiende los lun	Sí, hay varios psicólogos disponibles en el Centro Médico MutuaLyF. Aquí tienes los h	4.0	⚠️	medio	El bot responde correctamente la pregunta e incluye a la profesional del ground truth
profesional	¿Cuándo atiende la Dra. Albertengo de oftalmología?	La Dra. Julieta Albertengo atiende los miércoles de 09:30 a 12:15 horas y los viernes	La Dra. Albertengo de oftalmología atiende en el Centro Médico MutuaLyF, Junín 2956,	4.8	⚠️	medio	La respuesta es correcta y completa en horarios, pero agrega la dirección física 'Jun
profesional	¿Dónde puedo sacar turno con la oftalmóloga?	La Dra. Julieta Albertengo atiende en el Centro Médico MutuaLyF, ubicado en Junín 295	Los turnos con la oftalmóloga, Julieta Albertengo, se pueden gestionar a través de:	4.3	⚠️	medio	La respuesta es muy completa y relevante, pero incluye canales de contacto, links y h
profesional	¿La Dra. Albertengo atiende los sábados?	No, la Dra. Julieta Albertengo atiende únicamente los miércoles de 09:30 a 12:15 hora	No encontré esa información en los documentos disponibles. Te recomiendo consultar di	3.3	⚠️	bajo	El bot no inventó datos (bajo riesgo de alucinación), pero falló en recuperar informa
profesional	¿Cuándo atiende la Dra. Almitrani de nutrición?	La Dra. María Florencia Almitrani atiende los miércoles de 08:00 a 10:45 horas en el	La Dra. Almitrani de nutrición atiende los miércoles de 08:00 a 10:45 horas en el Cen	4.8	✅	bajo	La respuesta es correcta y útil en todos los datos clave (día, horario y dirección),
profesional	¿Tenés nutricionista disponible? ¿Dónde atiende?	Sí, contamos con la Lic. María Florencia Almitrani especializada en Nutrición. Atiend	Sí, hay nutricionistas disponibles en el Centro Médico de MutuaLyF. 1. Macarena Mil	4.0	⚠️	medio	El bot responde correctamente sobre Almitrani pero agrega a Macarena Milagros Giordan
profesional	¿Cómo saco turno con la nutricionista Almitrani?	Para sacar turno con la Dra. María Florencia Almitrani, debes comunicarte con nuestro	Para sacar un turno con la nutricionista María Florencia Almitrani, puedes gestionar	4.3	⚠️	medio	La respuesta es completa y relevante, pero incluye canales de atención (web, turnero
profesional	¿Cuándo atiende la psicóloga Manuela Alonso?	La Dra. Manuela María Sol Alonso atiende los lunes de 14:00 a 16:40 horas en el Centr	La psicóloga Manuela Alonso atiende los lunes de 14:00 a 16:40 horas en el Centro Méd	5.0	✅	bajo	La respuesta del bot es prácticamente idéntica al ground truth, con todos los datos c
profesional	¿Dónde puedo atenderme con la psicóloga Alonso?	La Dra. Manuela María Sol Alonso atiende en el Centro Médico MutuaLyF, ubicado en Jun	Puedes atenderte con la psicóloga Manuela María Sol Alonso en el Centro Médico MutuaL	4.3	⚠️	medio	El bot responde correctamente la ubicación pero agrega un horario específico (lunes 1
profesional	¿Hay psicólogo disponible los lunes? ¿Cómo saco turno?	Sí, contamos con la Dra. Manuela María Sol Alonso, psicóloga, que atiende los lunes d	Sí, hay psicólogos disponibles los lunes. Aquí tienes algunos: 1. **Luciana Martín**	3.3	❌	alto	El bot inventó dos profesionales (Luciana Martín y Natalia Aguirre) que no figuran en
profesional	¿Cuándo atiende el Dr. Avut de traumatología?	El Dr. Alejandro Avut atiende los martes de 11:00 a 11:50 horas en el Centro Médico M	El Dr. Avut Alejandro atiende en el Centro Médico MutuaLyF, Junín 2956, Santa Fe, los	5.0	✅	bajo	La respuesta del bot contiene exactamente los mismos datos que el ground truth (nombr
profesional	¿Dónde puedo atenderme con el traumatólogo Avut?	El Dr. Alejandro Avut atiende en el Centro Médico MutuaLyF, ubicado en Junín 2956, Sa	Puedes atenderte con el traumatólogo Avut Alejandro en el Centro Médico MutuaLyF, ubi	4.5	⚠️	medio	La respuesta es correcta en los datos del ground truth y agrega información sobre hor
profesional	¿El Dr. Avut atiende los lunes o tengo que ir otro día?	No, el Dr. Alejandro Avut solo atiende los martes de 11:00 a 11:50 horas. Los lunes n	El Dr. Avut Alejandro atiende los martes de 11:00 a 11:50 horas. Tendrías que ir ese	4.5	✅	bajo	La respuesta es correcta y útil, pero no confirmó explícitamente que los lunes no ati
profesional	¿Cuándo atiende el Dr. Berardi de psiquiatría?	El Dr. Cristian Berardi atiende los viernes de 13:00 a 17:50 horas en el Centro Médic	El Dr. Berardi, especialista en psiquiatría, atiende los viernes de 13:00 a 17:50 hor	4.5	⚠️	medio	La respuesta es correcta y completa en los datos principales, pero agrega la direcció
profesional	¿Dónde puedo ir a consultar con el psiquiatra Berardi?	El Dr. Cristian Berardi atiende en el Centro Médico MutuaLyF, ubicado en Junín 2956,	Puedes consultar con el psiquiatra Cristian Berardi en el Centro Médico MutuaLyF, ubi	4.3	⚠️	medio	El bot responde correctamente la ubicación pero agrega un horario específico (viernes
profesional	¿Cómo saco turno con el Dr. Berardi de psiquiatría?	Para sacar turno con el Dr. Cristian Berardi, podés comunicarte con el Centro Médico	Para sacar un turno con el Dr. Cristian Berardi, psiquiatra, puedes hacerlo de las si	4.3	⚠️	medio	La respuesta es completa y relevante, pero agrega canales de contacto (web, turnero o
profesional	¿Cuándo atiende la Dra. Bortolozzi de endocrinología?	La Dra. María Laura Bortolozzi atiende los lunes de 13:20 a 15:20 horas en el Centro	La Dra. Bortolozzi de endocrinología atiende los lunes de 13:20 a 15:20 horas en el C	5.0	✅	bajo	La respuesta del bot es prácticamente idéntica al ground truth, con todos los datos c
profesional	¿Qué médico de endocrinología tienen en MutuaLyF?	Contamos con la Dra. María Laura Bortolozzi, especialista en Endocrinología. Atiende	El médico de endocrinología en MutuaLyF es la Dra. María Laura Bortolozzi. Ella atien	5.0	✅	bajo	La respuesta del bot es prácticamente idéntica al ground truth, incluyendo todos los
profesional	¿Cómo saco turno con la Dra. Bortolozzi?	Para sacar turno con la Dra. María Laura Bortolozzi (Endocrinología), podés comunicar	Para sacar un turno con la Dra. Bortolozzi, puedes hacerlo de las siguientes maneras:	4.0	⚠️	medio	La respuesta es muy completa y útil, pero incluye datos no verificables contra el gro
profesional	¿Cuándo atiende la Dra. Judith Broda?	La Dra. Judith Broda, fonoaudióloga, atiende los jueves de 15:00 a 17:45 horas en el	La Dra. Judith Broda, especialista en Fonoaudiología, atiende los jueves de 15:00 a 1	5.0	✅	bajo	La respuesta del bot es prácticamente idéntica al ground truth, con todos los datos c
profesional	¿Tienen fonoaudiólogo en MutuaLyF? ¿Dónde atiende?	Sí, contamos con la Dra. Judith Broda como fonoaudióloga. Atiende en el Centro Médico	Sí, tenemos un fonoaudiólogo. La profesional es Debora Neffen, y atiende en el Centro	2.8	❌	alto	El bot respondió la estructura correcta (profesional, dirección, horario) pero invent
profesional	¿Cómo saco turno con la Dra. Broda de fonoaudiología?	Para sacar turno con la Dra. Judith Broda, fonoaudióloga, debes contactar al Centro M	No encontré esa información en los documentos disponibles. Te recomiendo consultar di	2.8	⚠️	bajo	El bot no alucinó datos (lo cual es positivo), pero falló al no proveer la informació
profesional	¿Cuándo atiende el Dr. Calvo de odontología?	El Dr. Silvio Calvo atiende en el Centro Médico MutuaLyF (Junín 2956, Santa Fe) en lo	El Dr. Calvo de odontología atiende en el Centro Médico MutuaLyF, Junín 2956, Santa F	5.0	✅	bajo	La respuesta del bot es completamente correcta, incluye todos los horarios y la direc
profesional	¿El odontólogo Calvo atiende los jueves?	No, el Dr. Silvio Calvo no atiende los jueves. Sus días de atención son lunes, martes	No, el odontólogo Calvo Silvio no atiende los jueves. Sus horarios de atención son:	4.5	⚠️	medio	La respuesta es correcta y completa en cuanto a los días de atención, pero agrega hor
profesional	¿Cómo saco turno con el Dr. Calvo para odontología?	Para sacar turno con el Dr. Silvio Calvo, podés comunicarte al Centro Médico MutuaLyF	Para sacar un turno con el Dr. Silvio Calvo, especialista en odontología, puedes hace	4.3	⚠️	medio	La respuesta es muy completa y relevante, pero incluye múltiples canales de contacto
profesional	¿Qué días atiende la Dra. Cavalieri de pediatría?	La Dra. María Fiorela Cavalieri atiende los lunes de 10:00 a 11:50 horas y los vierne	La Dra. Cavalieri de pediatría atiende los siguientes días: - Lunes: de 10:00 a 11:5	4.8	✅	bajo	La respuesta es correcta y completa en horarios, aunque omite el nombre completo de l
profesional	¿Dónde puedo ir a atenderme con la pediatra Cavalieri?	La Dra. María Fiorela Cavalieri atiende en el Centro Médico MutuaLyF, ubicado en Juní	Puedes atenderte con la pediatra Cavalieri María Fiorela en el Centro Médico MutuaLyF	4.5	⚠️	medio	La respuesta es completa y correcta en los datos del ground truth, pero agrega inform
profesional	¿Atiende pediatría los sábados? Necesito un turno para mi hijo.	No, la Dra. María Fiorela Cavalieri no atiende sábados. Sus horarios son lunes de 10:	No encontré esa información en los documentos disponibles. Te recomiendo consultar di	2.8	⚠️	bajo	El bot no alucinó datos (lo cual es positivo), pero falló en recuperar información di
profesional	¿Cuándo atiende el Dr. De Olazabal de Urología?	El Dr. Mario Javier De Olazabal atiende los martes de 14:00 a 15:15 horas en el Centr	El Dr. De Olazabal, especialista en Urología, atiende los martes de 14:00 a 15:15 hor	4.8	⚠️	medio	La respuesta es casi idéntica al ground truth y muy completa, pero agrega 'especialis
profesional	¿Dónde puedo sacar turno con el urólogo De Olazabal?	El Dr. Mario Javier De Olazabal atiende en el Centro Médico MutuaLyF, ubicado en Juní	Los turnos con el urólogo De Olazabal se pueden gestionar a través de: 1. Mi MutuaLy	4.3	⚠️	medio	La respuesta es muy completa y relevante, pero agrega datos no verificables en el gro
profesional	¿Hay algún médico urólogo disponible los martes en la mutual?	Sí, contamos con el Dr. Mario Javier De Olazabal, especialista en Urología, que atien	Sí, el Dr. Mario Javier De Olazabal es el médico urólogo disponible los martes de 14:	4.5	✅	bajo	La respuesta es correcta y útil, pero omite la dirección completa del centro médico (
profesional	¿Cuándo atiende la Dra. Degano, la terapeuta ocupacional?	La Dra. María José Degano, Terapeuta Ocupacional, atiende los martes de 08:00 a 13:15	La Dra. Degano, terapeuta ocupacional, atiende los martes de 08:00 a 13:15 horas en e	4.8	✅	bajo	La respuesta es correcta y completa en todos los datos clave (día, horario y direcció
profesional	¿Dónde puedo sacar turno con la terapeuta ocupacional?	Podés sacar turno con la Terapeuta Ocupacional María José Degano en el Centro Médico	Los turnos con la terapeuta ocupacional, María Victoria Leal, se pueden gestionar a t	3.0	❌	alto	El bot nombra a una terapeuta ocupacional incorrecta (María Victoria Leal en lugar de
profesional	¿Qué días de la semana atiende la Dra. Degano?	La Dra. María José Degano atiende únicamente los martes, de 08:00 a 13:15 horas.	La Dra. María José Degano, Terapeuta Ocupacional, atiende los martes de 08:00 a 13:15	5.0	✅	bajo	La respuesta es completamente correcta y además agrega información útil sobre la espe
profesional	¿Cuándo atiende el dermatólogo Del Prete?	El Dr. Luis Héctor Del Prete atiende los miércoles de 14:00 a 15:20 horas en el Centr	El dermatólogo Del Prete Luis Héctor atiende los miércoles de 14:00 a 15:20 horas en	5.0	✅	bajo	La respuesta del bot es prácticamente idéntica al ground truth, con todos los datos c
profesional	¿Dónde puedo ir a atenderme con el dermatólogo?	El Dr. Del Prete atiende en el Centro Médico MutuaLyF, ubicado en Junín 2956, Santa F	Puedes atenderte con el dermatólogo, Luis Héctor Del Prete, en el Centro Médico Mutua	4.5	⚠️	medio	La respuesta es completa y correcta en los datos del ground truth, pero agrega inform
profesional	¿Tienen dermatólogo disponible? ¿Qué días atiende?	Sí, contamos con el Dr. Luis Héctor Del Prete especialista en Dermatología. Atiende l	Sí, tenemos un dermatólogo disponible. El Dr. Luis Héctor Del Prete atiende los miérc	4.3	⚠️	medio	La respuesta es completa y relevante, pero agrega la dirección 'Junín 2956, Santa Fe'
profesional	¿Cuándo atiende el cardiólogo Echevarría?	El Dr. Maximiliano Echevarría atiende los jueves de 16:00 a 17:45 horas en el Centro	Echevarría Maximiliano, cardiólogo, atiende los jueves de 16:00 a 17:45 horas en el C	4.8	⚠️	medio	La respuesta es correcta y completa en todos los datos verificables, pero agrega la d
profesional	¿Dónde puedo ir a consultar con el Dr. Echevarría de cardiología?	El Dr. Maximiliano Echevarría atiende en el Centro Médico MutuaLyF, ubicado en Junín	Puedes consultar con el Dr. Echevarría en el Centro Médico MutuaLyF, ubicado en Junín	4.3	⚠️	medio	El bot responde correctamente la ubicación pero agrega un horario específico (jueves
profesional	¿Tienen algún especialista en cardiología en MutuaLyF?	Sí, contamos con el Dr. Maximiliano Echevarría, cardiólogo, quien atiende los jueves	Sí, en el Centro Médico de MutuaLyF hay varios especialistas en cardiología. Aquí tie	3.5	❌	alto	El bot inventó tres cardiólogos adicionales (Vignatti, Garella, Henchoz) que no figur
profesional	¿Cuándo atiende la psicóloga Marianela Fedrigo?	La Dra. Marianela Fedrigo atiende los martes de 08:00 a 14:20 horas en el Centro Médi	Marianela Fedrigo atiende los martes de 08:00 a 14:20 horas en el Centro Médico Mutua	4.8	✅	bajo	La respuesta es correcta y completa en todos los datos relevantes (horario, día, dire
profesional	¿Dónde atiendo con la psicóloga Fedrigo?	La Dra. Marianela Fedrigo atiende en el Centro Médico MutuaLyF, en la dirección Junín	La psicóloga Marianela Fedrigo atiende en el Centro Médico MutuaLyF, ubicado en Junín	4.3	⚠️	medio	El bot responde correctamente la ubicación pero agrega un horario específico (martes
profesional	¿Puedo sacar turno con la psicóloga Fedrigo los viernes?	No, la Dra. Marianela Fedrigo solo atiende los martes de 08:00 a 14:20 horas. Los vie	No, la psicóloga Fedrigo Marianela atiende solo los martes de 08:00 a 14:20 horas. Si	4.8	✅	bajo	La respuesta es correcta y relevante, aunque omite mencionar explícitamente que los v
profesional	¿Cuándo atiende el Dr. Fischer de neurología?	El Dr. Hernán Fischer atiende los viernes de 17:00 a 18:15 horas en el Centro Médico	El Dr. Fischer de neurología atiende los viernes de 17:00 a 18:15 horas en el Centro	4.8	✅	bajo	La respuesta es prácticamente idéntica al ground truth, con la única diferencia menor
profesional	¿Dónde puedo ver a un neurólogo en MutuaLyF?	Contamos con el Dr. Hernán Fischer, neurólogo, que atiende en el Centro Médico MutuaL	Puedes ver a un neurólogo en el Centro Médico de MutuaLyF, ubicado en Junín 2956, San	2.3	❌	alto	El bot respondió la pregunta correctamente en estructura pero con datos completamente
profesional	¿El Dr. Fischer atiende los sábados?	No, el Dr. Hernán Fischer atiende únicamente los viernes de 17:00 a 18:15 horas.	No, el Dr. Fischer atiende solo los viernes de 17:00 a 18:15 horas.	4.5	✅	bajo	La respuesta es correcta y completa en cuanto a días y horarios, aunque omite el nomb
profesional	¿Cuándo atiende el Dr. Federico Martín?	El Dr. Federico Martín atiende los viernes de 10:00 a 11:45 horas en el Centro Médico	El Dr. Federico Martín, especialista en Cirugía General, atiende los viernes de 10:00	4.5	⚠️	medio	La respuesta es completa y los datos del ground truth son correctos, pero agrega info
profesional	¿Tenés algún cirujano disponible? ¿Dónde atiende?	Sí, contamos con el Dr. Federico Martín especializado en Cirugía General. Atiende en	Sí, hay dos cirujanos disponibles: 1. **Federico Martín Francia** - Especialidad:	4.5	⚠️	medio	La respuesta es completa y relevante, pero incluye un segundo cirujano (Matías Guille
profesional	¿El Dr. Martín atiende los viernes? ¿A qué hora termina?	Sí, el Dr. Federico Martín atiende los viernes. Su horario es de 10:00 a 11:45 horas.	El Dr. Francia Federico Martín, especialista en Cirugía General, atiende los viernes	4.3	⚠️	medio	El horario es correcto y la respuesta es completa, pero el bot agrega 'Francia' como
profesional	¿Cuándo atiende la Dra. Gaitán Milagros?	La Dra. Gaitán Milagros atiende los lunes de 11:10 a 11:50 horas en el Centro Médico	La Dra. Gaitán Milagros Guillermina atiende los lunes de 11:10 a 11:50 horas en el Ce	4.8	⚠️	medio	La respuesta es casi idéntica al ground truth y muy completa, pero agrega el segundo
profesional	¿Qué especialidad tiene la Dra. Gaitán?	La Dra. Gaitán Milagros es especialista en Neurología y atiende sin internación en nu	La Dra. Gaitán, Milagros Guillermina, se especializa en Neurología.	4.5	✅	bajo	La respuesta es correcta e identifica bien a la médica y su especialidad, pero omite
profesional	¿Dónde atiende la neuróloga Gaitán?	La Dra. Gaitán Milagros atiende en el Centro Médico MutuaLyF, ubicado en Junín 2956,	La neuróloga Gaitán Milagros Guillermina atiende en el Centro Médico MutuaLyF, ubicad	4.8	⚠️	medio	La respuesta es completa y correcta en los datos del ground truth, pero agrega inform
profesional	¿Cuándo atiende el kinesiólogo Carlos Gandolla?	El Dr. Carlos Alberto Gandolla atiende de lunes a viernes en el Centro Médico MutuaLy	Carlos Gandolla, kinesiólogo, atiende en el Centro Médico MutuaLyF, Junín 2956, Santa	5.0	✅	bajo	La respuesta es completamente correcta y coincide con el ground truth, presentando lo
profesional	¿El Dr. Gandolla atiende el jueves por la tarde?	Sí, Carlos Alberto Gandolla atiende los jueves de 15:00 a 16:30 horas en el Centro Mé	No, el Dr. Gandolla atiende los jueves de 08:00 a 10:00 horas y de 15:00 a 16:30 hora	2.8	❌	alto	El bot contradice la respuesta correcta al afirmar que el Dr. Gandolla NO atiende por
profesional	¿Cómo saco turno con el kinesiólogo Gandolla?	Para sacar turno con Carlos Alberto Gandolla, especialista en Kinesiología, podés con	Para sacar un turno con el kinesiólogo Carlos Alberto Gandolla, puedes hacerlo de las	4.3	⚠️	medio	La respuesta es relevante y completa, pero agrega canales de contacto (web, turnero o
profesional	¿Cuándo atiende la Dra. Garello de cardiología?	La Dra. Evangelina Mariela Garello atiende los martes de 13:00 a 14:15 horas y los vi	La Dra. Garello de cardiología atiende en el Centro Médico MutuaLyF, Junín 2956, Sant	4.8	⚠️	medio	La respuesta es correcta y completa en horarios, pero agrega la dirección 'Junín 2956
profesional	¿Tienen cardiólogo los viernes? ¿A qué hora?	Sí, la Dra. Evangelina Mariela Garello, cardióloga, atiende los viernes de 08:00 a 11	Sí, hay cardiólogos disponibles los viernes. Los horarios son: 1. Evangelina Mariela	4.0	⚠️	medio	El bot responde correctamente sobre la Dra. Garello pero agrega tres cardiólogos adic
profesional	¿Cómo saco turno con la Dra. Garello de cardiología?	Para sacar turno con la Dra. Evangelina Mariela Garello, cardióloga, debés comunicart	Para sacar un turno con la Dra. Garello de cardiología, puedes hacerlo de las siguien	4.3	⚠️	medio	La respuesta es completa y relevante, pero agrega canales de contacto (web, 0800, Wha
profesional	¿Cuándo atiende la nutricionista Giordano?	La Dra. Macarena Milagros Giordano atiende los martes de 15:00 a 17:40 horas y los ju	La nutricionista Giordano Macarena Milagros atiende en el Centro Médico MutuaLyF los	5.0	✅	bajo	La respuesta es completamente correcta y coincide con el ground truth en todos los da
profesional	¿Dónde puedo sacar turno con la nutricionista?	Podés sacar turno con la Dra. Giordano en el Centro Médico MutuaLyF ubicado en Junín	Los turnos con la nutricionista Giordano Macarena Milagros se pueden gestionar a trav	4.3	⚠️	medio	La respuesta es muy completa y relevante, pero incluye datos adicionales (horarios de
profesional	¿La nutricionista atiende los lunes?	No, la Dra. Giordano no atiende los lunes. Sus días de atención son martes y jueves.	No, la nutricionista no atiende los lunes. Si necesitas más información sobre los hor	3.5	⚠️	medio	El bot responde correctamente que no atiende los lunes, pero omite los días específic
profesional	¿Cuándo atiende la Dra. Susana Gitron?	La Dra. Susana Gitron atiende los lunes, martes, jueves y viernes de 08:00 a 10:50 ho	La Dra. Susana Gitron atiende en el Centro Médico MutuaLyF, Junín 2956, Santa Fe, los	5.0	✅	bajo	La respuesta del bot es completamente correcta, incluye todos los datos del ground tr
profesional	¿La Dra. Gitron atiende los miércoles?	No, la Dra. Susana Gitron no atiende los miércoles. Sus días de atención son lunes, m	La Dra. Gitron atiende los lunes, martes, jueves y viernes, pero no los miércoles. Si	4.0	⚠️	medio	La respuesta es correcta en los días de atención pero omite el horario específico (08
profesional	¿Dónde puedo ir a consultar con la médica de clínica médica Susana Gitron?	La Dra. Susana Gitron atiende en el Centro Médico MutuaLyF, ubicado en Junín 2956, Sa	Puedes consultar con la médica de clínica médica Susana Gitron en el Centro Médico Mu	4.3	⚠️	medio	La respuesta incluye el dato de ubicación correctamente pero agrega información de ho
profesional	¿Cuándo atiende el Dr. Henchoz?	El Dr. Alejandro Henchoz atiende los lunes de 15:00 a 17:15 horas en el Centro Médico	El Dr. Henchoz, especialista en Cardiología, atiende los lunes de 15:00 a 17:15 horas	4.5	⚠️	medio	La respuesta es completa y correcta en los datos verificables, pero agrega informació
profesional	¿Qué cardiológo tienen disponible? ¿Dónde atiende?	Contamos con el Dr. Alejandro Henchoz, cardiólogo que atiende en el Centro Médico Mut	Los cardiólogos disponibles son: 1. **Alejandro Henchoz** - Centro: Centro Médico	4.0	⚠️	medio	El bot responde con formato claro e incluye al cardiólogo correcto, pero agrega un se
profesional	¿Cómo saco turno con el Dr. Henchoz para una consulta?	Para sacar turno con el Dr. Alejandro Henchoz, cardiólogo, debes comunicarte con nues	Para sacar un turno con el Dr. Henchoz, puedes hacerlo de las siguientes maneras: 1.	4.3	⚠️	medio	La respuesta es completa y relevante, pero incluye canales de contacto (web, turnero
profesional	¿Cuándo atiende el bioquímico Holman?	El bioquímico Walter Raúl Holman atiende de lunes a viernes de 07:30 a 09:20 horas en	El bioquímico Holman Walter Raúl atiende en el Centro Médico MutuaLyF, Junín 2956, Sa	5.0	✅	bajo	La respuesta es completamente correcta y consistente con el ground truth; desglosa el
profesional	¿El bioquímico Holman atiende los sábados?	No, el bioquímico Walter Raúl Holman solo atiende de lunes a viernes de 07:30 a 09:20	No, Holman Walter Raúl, el bioquímico, atiende de lunes a viernes de 07:30 a 09:20 ho	5.0	✅	bajo	La respuesta del bot es prácticamente idéntica al ground truth, confirmando correctam
profesional	¿Dónde puedo ir a ver al bioquímico Holman?	El bioquímico Walter Raúl Holman atiende en el Centro Médico MutuaLyF, ubicado en Jun	Puedes ver al bioquímico Holman Walter Raúl en el Centro Médico MutuaLyF, ubicado en	4.5	⚠️	medio	La respuesta es correcta y completa en cuanto a la ubicación, pero agrega un horario
profesional	¿Cuándo atiende la psicóloga Fernanda Isequilla?	La Dra. Fernanda Isequilla atiende los martes de 14:00 a 18:00 horas en el Centro Méd	Fernanda Isequilla atiende los martes de 14:00 a 18:00 horas en el Centro Médico Mutu	4.8	✅	bajo	La respuesta es prácticamente idéntica al ground truth, con la única diferencia menor
profesional	¿Cómo saco turno con la psicóloga Isequilla?	Para sacar turno con la Dra. Fernanda Isequilla, debes comunicarte con el Centro Médi	No encontré esa información en los documentos disponibles. Te recomiendo consultar di	2.8	⚠️	bajo	El bot no alucinó ni inventó datos, pero falló en recuperar información disponible so
profesional	¿Hay algún psicólogo disponible en MutuaLyF?	Sí, contamos con la Dra. Fernanda Isequilla, especialista en Psicología. Atiende los	Sí, hay un psicólogo disponible en MutuaLyF. - **Nombre:** Luciana Martín - **Horar	2.3	❌	alto	El bot inventó datos críticos: nombre incorrecto (Luciana Martín en lugar de Dra. Fer
profesional	¿Cuándo atiende el Dr. Isse Antonio?	El Dr. Isse Antonio atiende los lunes de 14:00 a 15:45 horas en el Centro Médico Mutu	El Dr. Isse Antonio atiende los lunes de 14:00 a 15:45 horas en el Centro Médico Mutu	5.0	✅	bajo	La respuesta del bot es idéntica al ground truth, proporcionando día, horario y ubica
profesional	¿Qué especialidades tiene el Dr. Isse Antonio?	El Dr. Isse Antonio se especializa en Flebología y Cirugía Cardiovascular, y atiende	El Dr. Isse Antonio se especializa en Flebología y Cirugía Cardiovascular.	4.5	✅	bajo	La respuesta es correcta en los datos centrales pero omite el dato de que atiende sin
profesional	¿Dónde puedo sacar turno con el Dr. Isse Antonio y en qué días atiende?	El Dr. Isse Antonio atiende los lunes de 14:00 a 15:45 en el Centro Médico MutuaLyF,	Puedes sacar turno con el Dr. Isse Antonio en el Centro Médico MutuaLyF, ubicado en J	4.5	⚠️	medio	La respuesta es completa y correcta en los datos del médico, pero agrega canales de c
profesional	¿Cuándo atiende el Dr. Jaime David Exequiel?	El Dr. Jaime David Exequiel atiende los jueves de 15:00 a 16:30 horas en el Centro Mé	El Dr. Jaime David Exequiel atiende los jueves de 15:00 a 16:30 horas en el Centro Mé	4.5	⚠️	medio	La respuesta agrega la dirección del Centro Médico (Junín 2956, Santa Fe) que no figu
profesional	¿Qué médico de ergometría tienen en MutuaLyF?	Contamos con el Dr. Jaime David Exequiel, especialista en Ergometría, que atiende en	El médico de ergometría en MutuaLyF es Jaime David Exequiel. Atiende en el Centro Méd	4.0	⚠️	medio	El bot responde correctamente el médico y la dirección, pero agrega un horario especí
profesional	¿Dónde puedo ir para hacer una ergometría y en qué dirección?	La ergometría se realiza en el Centro Médico MutuaLyF, ubicado en Junín 2956, Santa F	Puedes hacer una ergometría en el Centro Médico MutuaLyF, ubicado en Junín 2956, Sant	5.0	✅	bajo	La respuesta del bot es prácticamente idéntica al ground truth, proporcionando el lug
profesional	¿Cuándo atiende la Dra. Leal María Victoria?	La Terapeuta Ocupacional Leal María Victoria atiende los lunes y jueves de 14:15 a 17	La Dra. Leal María Victoria, Terapeuta Ocupacional, atiende en el Centro Médico Mutua	4.5	✅	bajo	La respuesta es correcta y completa en los datos clave (días y horarios), pero omite
profesional	¿Dónde puedo sacar turno con la terapeuta ocupacional?	Podés sacar turno con la Terapeuta Ocupacional Leal María Victoria en el Centro Médic	Los turnos con la terapeuta ocupacional, María Victoria Leal, se pueden gestionar a t	4.3	⚠️	medio	La respuesta es muy útil y completa al agregar canales de contacto, pero omite el hor
profesional	¿La Dra. Leal atiende los sábados?	No, la Terapeuta Ocupacional Leal María Victoria atiende solo de lunes a jueves. Sus	No encontré esa información en los documentos disponibles. Te recomiendo consultar di	2.8	⚠️	bajo	El bot no alucinó ni inventó datos, pero falló en recuperar información disponible so
profesional	¿Cuándo atiende la Dra. Ledesma de clínica médica?	La Dra. María Laura Ledesma atiende los miércoles de 09:15 a 11:15 horas en el Centro	La Dra. Ledesma atiende los miércoles de 09:15 a 11:15 horas en el Centro Médico Mutu	4.3	⚠️	medio	La respuesta es relevante y completa, pero agrega la dirección 'Junín 2956, Santa Fe'
profesional	¿Dónde puedo ir a atenderme con la Dra. Ledesma?	La Dra. María Laura Ledesma atiende en el Centro Médico MutuaLyF, ubicado en Junín 29	Puedes atenderte con la Dra. Ledesma en el Centro Médico MutuaLyF, ubicado en Junín 2	4.3	⚠️	medio	El bot responde correctamente la ubicación pero agrega un horario específico (miércol
profesional	¿La Dra. Ledesma atiende los jueves o solo algunos días?	La Dra. María Laura Ledesma atiende únicamente los miércoles de 09:15 a 11:15 horas.	La Dra. Ledesma solo atiende los miércoles de 09:15 a 11:15 horas. No tiene horarios	5.0	✅	bajo	La respuesta contesta exactamente lo preguntado, confirma que no atiende los jueves y
profesional	¿Cuándo atiende la Dra. Marín Liliana?	La Dra. Marín Liliana atiende los miércoles y viernes de 13:40 a 15:40 horas en el Ce	La Dra. Marín Liliana atiende en el Centro Médico MutuaLyF, Junín 2956, Santa Fe, los	4.8	⚠️	medio	La respuesta es correcta y completa en todos los datos del ground truth, pero agrega
profesional	¿Qué especialidad tiene la Dra. Marín y dónde atiende?	La Dra. Marín Liliana Mariel es médica de Clínica Médica y atiende en el Centro Médic	La Dra. Marín Liliana Mariel se especializa en Clínica Médica y atiende en el Centro	5.0	✅	bajo	La respuesta del bot es prácticamente idéntica al ground truth, con todos los datos c
profesional	¿La Dra. Marín atiende los jueves?	No, la Dra. Marín Liliana atiende solamente los miércoles y viernes de 13:40 a 15:40	No, la Dra. Marín atiende los miércoles y viernes de 13:40 a 15:40 horas.	4.8	✅	bajo	La respuesta es correcta y útil, aunque omite el segundo apellido 'Liliana' presente
profesional	¿Cuándo atiende la Dra. Martín Luciana?	La Dra. Martín Luciana, psicóloga, atiende los lunes de 12:00 a 16:20 horas y los mié	La Dra. Martín Luciana, especialista en Psicología, atiende en el Centro Médico Mutua	4.8	⚠️	medio	La respuesta es precisa y completa en horarios y especialidad, pero agrega la direcci
profesional	¿La psicóloga Martín atiende los sábados?	No, la Dra. Martín Luciana atiende solo los lunes y miércoles. Los lunes de 12:00 a 1	No encontré esa información en los documentos disponibles. Te recomiendo consultar di	2.8	⚠️	bajo	El bot no alucina ni inventa datos, pero falló en recuperar información disponible so
profesional	¿Dónde atiende la psicóloga Martín Luciana?	La Dra. Martín Luciana atiende en el Centro Médico MutuaLyF, ubicado en Junín 2956, S	La psicóloga Martín Luciana atiende en el Centro Médico MutuaLyF, ubicado en Junín 29	5.0	✅	bajo	La respuesta del bot es prácticamente idéntica al ground truth, proporcionando la dir
profesional	¿Cuándo atiende el Dr. Mendoza de clínica médica?	El Dr. Fabián José Alberto Mendoza atiende en el Centro Médico MutuaLyF los lunes, ma	El Dr. Mendoza atiende en el Centro Médico MutuaLyF, Junín 2956, Santa Fe, los siguie	4.3	⚠️	medio	La respuesta es correcta en días y horarios pero agrega la dirección del centro médic
profesional	¿El Dr. Mendoza atiende los jueves?	No, el Dr. Fabián José Alberto Mendoza no atiende los jueves. Sus días de atención so	No, el Dr. Mendoza solo atiende los lunes, martes y miércoles, y también los viernes,	5.0	✅	bajo	La respuesta confirma correctamente que el Dr. Mendoza no atiende los jueves, enumera
profesional	¿Dónde puedo sacar turno con el Dr. Mendoza?	Podés sacar turno con el Dr. Fabián José Alberto Mendoza en el Centro Médico MutuaLyF	No encontré esa información en los documentos disponibles. Te recomiendo consultar di	2.8	⚠️	bajo	El bot no inventó datos (faithfulness alto), pero falló en recuperar información disp
profesional	¿Cuándo atiende la psicóloga María Soledad Morello?	La Dra. María Soledad Morello atiende los martes de 09:00 a 12:20 horas y los miércol	María Soledad Morello atiende en el Centro Médico MutuaLyF, Junín 2956, Santa Fe, en	4.8	⚠️	medio	La respuesta es completa y correcta en horarios, pero agrega la dirección 'Junín 2956
profesional	¿Dónde puedo sacar turno con la psicóloga Morello?	La Dra. María Soledad Morello atiende en el Centro Médico MutuaLyF, ubicado en Junín	Los turnos con la psicóloga María Soledad Morello se pueden gestionar a través de: 1	4.2	⚠️	medio	La respuesta es completa y relevante, pero incluye canales de contacto (web, turnero
profesional	¿Tienen psicólogo en MutuaLyF? ¿Qué días atiende?	Sí, contamos con la Dra. María Soledad Morello, psicóloga que atiende en el Centro Mé	Sí, en MutuaLyF hay psicólogos. Aquí tienes algunos de ellos y sus horarios de atenci	4.0	⚠️	medio	El bot responde correctamente sobre María Soledad Morello (coincide con el ground tru
profesional	¿Cuándo atiende la Dra. Neffen Débora?	La Dra. Neffen Débora, fonoaudióloga, atiende los miércoles de 16:30 a 18:00 horas en	La Dra. Neffen Débora, especialista en Fonoaudiología, atiende los miércoles de 16:30	4.5	⚠️	medio	La respuesta es completa y correcta en los datos verificables, pero agrega la direcci
profesional	¿Dónde puedo ir a ver a la fonoaudióloga?	La Dra. Neffen Débora atiende en el Centro Médico MutuaLyF, ubicado en Junín 2956, Sa	Puedes ver a las fonoaudiólogas en el Centro Médico MutuaLyF, ubicado en Junín 2956,	4.0	⚠️	medio	El bot da la dirección correcta pero no menciona a la Dra. Neffen Débora y usa el plu
profesional	¿Cómo saco turno con la fonoaudióloga Neffen?	Para sacar turno con la Dra. Neffen Débora, fonoaudióloga, debes comunicarte con Mutu	Para sacar un turno con la fonoaudióloga Neffen Debora, puedes gestionar el turno de	4.5	⚠️	medio	La respuesta es completa y correcta en los datos verificables, pero agrega múltiples
profesional	¿Cuándo atiende la Dra. Noriega de podología?	La Dra. Evangelina Magdalena Noriega atiende los miércoles de 12:00 a 17:45 horas y l	La Dra. Noriega de podología atiende en el Centro Médico MutuaLyF, Junín 2956, Santa	4.8	⚠️	medio	La respuesta es correcta y completa en horarios, pero agrega la dirección 'Junín 2956
profesional	¿El viernes atiende podología? ¿A qué hora?	Sí, los viernes hay atención de podología con la Dra. Noriega de 08:30 a 12:15 horas	Sí, el viernes atiende podología. La profesional es Evangelina Magdalena Noriega y su	4.5	⚠️	medio	La respuesta es correcta en los datos clave (profesional y horario), pero agrega el n
profesional	¿Dónde puedo sacar turno con la podóloga?	La Dra. Evangelina Magdalena Noriega atiende en el Centro Médico MutuaLyF ubicado en	Los turnos con la podóloga se pueden gestionar a través de Mi MutuaLyF Web en https:/	3.8	⚠️	medio	El bot responde la pregunta con múltiples canales útiles para sacar turno, pero omite
profesional	¿Cuándo atiende la Dra. Ocampo de ginecología?	La Dra. María Gabriela Ocampo atiende los lunes de 09:00 a 12:10 horas en el Centro M	La Dra. Ocampo de ginecología atiende los lunes de 09:00 a 12:10 horas en el Centro M	4.8	✅	bajo	La respuesta es correcta y completa en todos los datos clave (día, horario y direcció
profesional	¿Dónde puedo sacar turno con la ginecóloga Ocampo?	Podés sacar turno con la Dra. María Gabriela Ocampo en el Centro Médico MutuaLyF, ubi	Los turnos con la ginecóloga María Gabriela Ocampo se pueden gestionar a través de:	4.5	⚠️	medio	La respuesta es completa y útil al proveer múltiples canales de contacto y la ubicaci
profesional	¿La Dra. Ocampo atiende los sábados?	No, la Dra. María Gabriela Ocampo atiende únicamente los lunes de 09:00 a 12:10 horas	No encontré esa información en los documentos disponibles. Te recomiendo consultar di	2.8	⚠️	bajo	El bot no inventó datos (faithfulness alto) pero falló en proveer la información corr
profesional	¿Qué días atiende el Dr. Oitana de ginecología?	El Dr. Hector Fabián Oitana atiende los jueves de 10:30 a 11:20 horas en el Centro Mé	El Dr. Oitana Héctor Fabián atiende los jueves de 10:30 a 11:20 horas en el Centro Mé	5.0	✅	bajo	La respuesta es correcta y completa, con todos los datos coincidentes con el ground t
profesional	¿Dónde atiende el ginecólogo Oitana?	El Dr. Hector Fabián Oitana atiende en el Centro Médico MutuaLyF, ubicado en Junín 29	Oitana Héctor Fabián atiende en el Centro Médico MutuaLyF, ubicado en Junín 2956, San	4.8	⚠️	medio	La respuesta es correcta y completa respecto al ground truth, pero agrega información
profesional	¿Cómo saco turno con el Dr. Oitana de ginecología?	Para sacar turno con el Dr. Hector Fabián Oitana, podés comunicarte a la sede de Mutu	Para sacar un turno con el Dr. Oitana de ginecología, puedes hacerlo de las siguiente	4.0	⚠️	medio	La respuesta es muy completa y útil, pero incluye datos no verificables en el ground
profesional	¿Qué días atiende la Dra. Paolantonio?	La Dra. Pilar María Paolantonio atiende los martes y jueves de 14:30 a 17:20 horas en	La Dra. Paolantonio atiende los martes de 14:30 a 17:20 horas y los jueves de 14:30 a	4.5	✅	bajo	La respuesta es correcta en días y horarios pero omite el nombre completo de la profe
profesional	¿Hay psicólogo disponible en MutuaLyF? ¿Cuál es el nombre?	Sí, contamos con la Dra. Pilar María Paolantonio, especialista en Psicología, que ati	Sí, hay varios psicólogos disponibles en MutuaLyF. Aquí tienes algunos nombres: - Lu	2.8	❌	alto	El bot inventó una lista extensa de psicólogos que no figuran en el ground truth, pre
profesional	¿Hasta qué hora atiende la psicóloga los jueves?	La Dra. Paolantonio atiende los jueves hasta las 17:20 horas. El horario es de 14:30	La psicóloga Abba Melina Vanesa atiende los jueves de 14:00 a 16:00 horas. Si necesit	2.3	❌	alto	El bot respondió la pregunta pero con datos completamente incorrectos: mencionó una p
profesional	¿Cuándo atiende la Dra. Pedroni?	La Dra. Catalina Pedroni atiende los lunes y miércoles de 09:30 a 10:50 horas en el C	La Dra. Pedroni atiende en el Centro Médico MutuaLyF, Junín 2956, Santa Fe, los lunes	4.8	✅	bajo	La respuesta del bot es correcta y completa en todos los datos clave (días, horario y
profesional	¿Qué médica de Clínica Médica tienen?	Contamos con la Dra. Catalina Pedroni, especialista en Clínica Médica. Atiende sin in	En Clínica Médica, tenemos a las siguientes profesionales: - **Marin Liliana Mariel*	2.5	❌	alto	El bot responde lo preguntado pero proporciona médicas completamente distintas a la i
profesional	¿La Dra. Pedroni atiende el miércoles?	Sí, la Dra. Catalina Pedroni atiende todos los miércoles de 09:30 a 10:50 horas en el	Sí, la Dra. Pedroni atiende el miércoles de 09:30 a 10:50 horas en el Centro Médico M	4.5	✅	bajo	La respuesta es correcta y útil pero omite el nombre completo de la doctora (Catalina
profesional	¿Cuándo atiende el psicólogo Pablo Pesole?	El psicólogo Pablo Pesole atiende los jueves de 08:00 a 09:30 horas en el Centro Médi	Pablo Pesole atiende los jueves de 08:00 a 09:30 horas en el Centro Médico MutuaLyF,	4.8	✅	bajo	La respuesta es prácticamente idéntica al ground truth, con todos los datos correctos
profesional	¿Dónde consulto con el Dr. Pesole de psicología?	El Dr. Pablo Pesole de psicología atiende en el Centro Médico MutuaLyF, ubicado en Ju	El Dr. Pablo Pesole atiende en el Centro Médico MutuaLyF, ubicado en Junín 2956, Sant	4.3	⚠️	medio	El bot responde correctamente la ubicación pero agrega un horario específico (jueves
profesional	¿Qué días de la semana atiende el psicólogo Pesole?	El psicólogo Pablo Pesole atiende solamente los jueves, en el horario de 08:00 a 09:3	El psicólogo Pablo Pesole atiende los jueves de 08:00 a 09:30 horas.	4.8	✅	bajo	La respuesta es correcta y relevante, aunque omite el adverbio 'solamente' que enfati
profesional	¿Cuándo atiende el Dr. Prieu de otorrinolaringología?	El Dr. Agustín Prieu atiende los lunes de 14:00 a 14:50 horas en el Centro Médico Mut	Hay dos profesionales con el apellido Prieu en otorrinolaringología: 1. **Dr. Prieu	3.8	⚠️	medio	El bot responde la pregunta y los datos del Dr. Agustín Prieu son correctos, pero agr
profesional	¿Tienen algún otorrinolaringólogo disponible? ¿Dónde atiende?	Sí, contamos con el Dr. Agustín Prieu como especialista en Otorrinolaringología. Atie	Sí, tenemos otorrinolaringólogos disponibles: 1. **Guillermo Prieu** - Centro: Ce	3.3	❌	alto	El bot inventa un médico adicional ('Guillermo Prieu') que no figura en el ground tru
profesional	¿Cómo hago para sacar turno con el Dr. Prieu?	Para sacar turno con el Dr. Agustín Prieu, debes comunicarte con nuestro Centro Médic	Para sacar un turno con el Dr. Prieu, puedes gestionar el turno a través de: 1. Mi M	4.3	⚠️	medio	La respuesta es completa y relevante, pero agrega canales de contacto (web, turnero o
profesional	¿Cuándo atiende el Dr. Guillermo Prieu?	El Dr. Guillermo Prieu, otorrinolaringólogo, atiende los lunes de 08:45 a 11:15 horas	El Dr. Guillermo Prieu atiende en el Centro Médico MutuaLyF, Junín 2956, Santa Fe, en	4.8	⚠️	medio	La respuesta es correcta y completa en cuanto a horarios, pero agrega la dirección fí
profesional	¿Dónde atiende el otorrinolaringólogo Prieu?	El Dr. Guillermo Prieu atiende en el Centro Médico MutuaLyF, ubicado en Junín 2956, S	El otorrinolaringólogo Prieu atiende en el Centro Médico MutuaLyF, ubicado en Junín 2	4.5	✅	bajo	La respuesta es correcta y completa en cuanto a la ubicación, aunque omite el nombre
profesional	¿El Dr. Prieu atiende los jueves? Necesito sacar turno de garganta	Sí, el Dr. Guillermo Prieu atiende los jueves de 12:30 a 16:00 horas. Él es otorrinol	Sí, el Dr. Prieu Guillermo, especialista en Otorrinolaringología, atiende los jueves	4.8	⚠️	medio	La respuesta es correcta y completa en los datos clave, pero menciona canales de cont
profesional	¿Cuándo atiende la enfermera Gilda Rodríguez?	La enfermera Gilda Rodríguez atiende en el Centro Médico MutuaLyF (Junín 2956, Santa	La enfermera Gilda Rodríguez atiende en el Centro Médico MutuaLyF en los siguientes h	4.2	⚠️	medio	La respuesta es correcta en todos los horarios pero omite la dirección del centro méd
profesional	¿La enfermera Rodríguez atiende los martes?	Sí, la enfermera Gilda Rodríguez atiende los martes de 13:00 a 15:30 horas en el Cent	Sí, la enfermera Rodríguez Gilda Lara atiende los martes de 13:00 a 15:30 horas en el	4.0	⚠️	medio	El bot agrega un segundo apellido 'Lara' que no figura en el ground truth, lo que con
profesional	¿Dónde puedo sacar turno con la enfermera Gilda Rodríguez?	La enfermera Gilda Rodríguez atiende en el Centro Médico MutuaLyF, ubicado en Junín 2	Los turnos con la enfermera Gilda Rodríguez se pueden gestionar a través de: 1. Mi M	4.3	⚠️	medio	La respuesta es completa y relevante, pero agrega canales de contacto (web, turnero o
profesional	¿Cuándo atiende el Dr. Román de neurocirugia?	El Dr. Guillermo Daniel Román atiende los viernes de 10:40 a 12:20 horas en el Centro	El Dr. Román Guillermo Daniel, especialista en neurocirugía, atiende los viernes de 1	5.0	✅	bajo	La respuesta del bot es prácticamente idéntica al ground truth, con el agregado menor
profesional	¿Hay algún neurocirujano disponible en MutuaLyF?	Sí, contamos con el Dr. Guillermo Daniel Román especializado en neurocirugia. Atiende	No encontré esa información en los documentos disponibles. Te recomiendo consultar di	2.0	❌	bajo	El bot no encontró información que sí existe en los documentos, resultando en una res
profesional	¿Dónde puedo sacar turno con el Dr. Román?	Podés sacar turno con el Dr. Guillermo Daniel Román en el Centro Médico MutuaLyF ubic	Los turnos con el Dr. Román Guillermo Daniel, especialista en Neurocirugía, se pueden	4.3	⚠️	medio	La respuesta es completa y relevante, pero agrega canales de contacto (0800, WhatsApp
profesional	¿Cuándo atiende el Dr. Savarino?	El Dr. Roberto Savarino atiende los lunes de 16:00 a 18:00 horas y los miércoles de 0	El Dr. Savarino atiende en el Centro Médico MutuaLyF, Junín 2956, Santa Fe, en los si	4.8	⚠️	medio	La respuesta es correcta y completa en horarios, pero agrega la dirección exacta del
profesional	¿Dónde atiende el especialista en Eco Doppler Cardiaco?	El Dr. Roberto Savarino atiende en el Centro Médico MutuaLyF, ubicado en Junín 2956,	El especialista en Eco Doppler Cardiaco, Roberto Savarino, atiende en el Centro Médic	5.0	✅	bajo	La respuesta del bot es prácticamente idéntica al ground truth, incluyendo nombre del
profesional	¿El Dr. Savarino atiende los viernes?	No, el Dr. Roberto Savarino no atiende los viernes. Su horario de atención es los lun	No, el Dr. Savarino atiende los lunes de 16:00 a 18:00 horas y los miércoles de 08:20	5.0	✅	bajo	La respuesta es completamente correcta, relevante y consistente con el ground truth,
profesional	¿Cuándo atiende la Dra. Serravalle de reumatología?	La Dra. Priscila Serravalle atiende los viernes de 11:00 a 14:30 horas en el Centro M	La Dra. Serravalle de reumatología atiende los viernes de 11:00 a 14:30 horas en el C	4.8	✅	bajo	La respuesta es correcta y completa en todos los datos clave (día, horario y direcció
profesional	¿Dónde puedo ver a un reumatólogo en MutuaLyF?	Contamos con la Dra. Priscila Serravalle, especialista en Reumatología, que atiende e	No encontré esa información en los documentos disponibles. Te recomiendo consultar di	2.8	⚠️	bajo	El bot no alucinó ni inventó datos, pero falló en recuperar información disponible so
profesional	¿La Dra. Serravalle atiende los sábados?	No, la Dra. Priscila Serravalle atiende únicamente los viernes de 11:00 a 14:30 horas	No encontré esa información en los documentos disponibles. Te recomiendo consultar di	2.8	⚠️	bajo	El bot no alucina ni inventa datos, pero falla en completitud y relevancia porque ten
profesional	¿Qué días atiende la Dra. Silvestre de radiología?	La Dra. Natalia Silvestre atiende los miércoles de 12:30 a 14:50 horas y los viernes	La Dra. Silvestre de Radiología atiende los siguientes días: 1. Miércoles de 12:30 a	5.0	✅	bajo	La respuesta del bot es completamente correcta, relevante y consistente con el ground
profesional	¿Dónde puedo ir a hacer una radiología con la Dra. Silvestre?	La Dra. Natalia Silvestre atiende en el Centro Médico MutuaLyF, ubicado en Junín 2956	Puedes hacerte una radiología con la Dra. Silvestre en el Centro Médico MutuaLyF, ubi	4.0	⚠️	medio	El bot responde correctamente la ubicación pero agrega horarios específicos que no fi
profesional	¿Cómo hago para sacar turno con la doctora de radiología?	Para sacar turno con la Dra. Natalia Silvestre (Radiología), debe comunicarse con el	Para sacar un turno con la doctora Silvestre Natalia, especialista en Radiología, pue	4.3	⚠️	medio	La respuesta es completa y relevante, pero incluye canales de contacto (web, turnero
profesional	¿Cuándo atiende la Dra. Szmigielski?	La Dra. Mónica Rita Szmigielski atiende los lunes de 12:00 a 15:40 horas, miércoles d	La Dra. Szmigielski atiende en el Centro Médico MutuaLyF en los siguientes horarios:	5.0	✅	bajo	La respuesta del bot es exacta, completa y coincide perfectamente con el ground truth
profesional	¿Tienen pediatra disponible? ¿Dónde atiende?	Sí, contamos con la Dra. Mónica Rita Szmigielski como pediatra. Atiende en el Centro	Sí, hay pediatras disponibles en el Centro Médico de MutuaLyF. Los profesionales son:	4.3	⚠️	medio	La respuesta es completa y útil, pero incorpora una segunda pediatra (María Fiorela C
profesional	¿La Dra. Szmigielski atiende los martes?	No, la Dra. Szmigielski no atiende los martes. Sus días de atención son lunes, miérco	No, la Dra. Szmigielski atiende los lunes, miércoles y jueves. Si necesitas más infor	4.0	⚠️	bajo	La respuesta es correcta en lo esencial pero omite los horarios de atención, que son
profesional	¿Cuándo atiende la Dra. Tellechea que es psiquiatra?	La Dra. Emilia Tellechea atiende los lunes de 15:30 a 18:20 horas en el Centro Médico	La Dra. Tellechea, que es psiquiatra, atiende los lunes de 15:30 a 18:20 horas en el	5.0	✅	bajo	La respuesta del bot es prácticamente idéntica al ground truth, incluyendo todos los
profesional	¿Dónde puedo sacar turno con la psiquiatra Tellechea?	La Dra. Emilia Tellechea atiende en el Centro Médico MutuaLyF ubicado en Junín 2956,	Los turnos con la psiquiatra Tellechea Emilia se pueden gestionar a través de: 1. Mi	4.3	⚠️	medio	La respuesta es completa y relevante, pero incluye canales de contacto adicionales (w
profesional	¿Hay algún psiquiatra disponible en MutuaLyF?	Sí, contamos con la Dra. Emilia Tellechea como psiquiatra. Atiende los lunes de 15:30	No encontré esa información en los documentos disponibles. Te recomiendo consultar di	2.0	❌	bajo	El bot no alucinó datos, pero falló en recuperar información existente sobre la Dra.
profesional	¿Cuándo atiende el Dr. Valdés de traumatología?	El Dr. Mariano Arturo Valdés atiende los viernes de 10:00 a 11:10 horas en el Centro	El Dr. Valdés atiende los viernes de 10:00 a 11:10 horas en el Centro Médico MutuaLyF	4.8	✅	bajo	La respuesta es prácticamente idéntica al ground truth y contiene todos los datos cla
profesional	¿Qué médico traumatólogo tienen en MutuaLyF?	Contamos con el Dr. Mariano Arturo Valdés, especialista en Traumatología, quien atien	En el Centro Médico MutuaLyF hay dos médicos traumatólogos: - **Abraham Juan Carlos*	2.3	❌	alto	El bot responde la pregunta con formato adecuado pero inventa dos traumatólogos (Abra
profesional	¿Cómo hago para sacar turno con el Dr. Valdés de traumatología?	El Dr. Mariano Arturo Valdés atiende los viernes de 10:00 a 11:10 en el Centro Médico	No encontré esa información en los documentos disponibles. Te recomiendo consultar di	2.8	⚠️	bajo	El bot no alucinó ni inventó datos, pero falló en recuperar información disponible so
profesional	¿Cuándo atiende la Dra. Viglietti?	La Dra. Silvina Fabiana Viglietti atiende los miércoles de 13:00 a 14:50 horas y los	La Dra. Silvina Fabiana Viglietti atiende en el Centro Médico MutuaLyF, Junín 2956, S	4.8	⚠️	medio	La respuesta es correcta y completa en horarios, pero agrega la dirección 'Junín 2956
profesional	¿Qué especialista de diagnóstico por imágenes tienen en MutuaLyF?	Contamos con la Dra. Silvina Fabiana Viglietti, especialista en Diagnóstico por Imáge	El especialista en diagnóstico por imágenes en MutuaLyF es Silvina Fabiana Viglietti.	4.3	⚠️	medio	La respuesta agrega horarios de atención específicos que no figuran en el ground trut
profesional	¿La Dra. Viglietti atiende los lunes?	No, la Dra. Viglietti no atiende los lunes. Sus días de atención son miércoles (13:00	No, la Dra. Viglietti atiende los miércoles de 13:00 a 14:50 horas y los viernes de 1	5.0	✅	bajo	La respuesta del bot es equivalente al ground truth en todos los aspectos: confirma q
profesional	¿Cuándo atiende el cardiólogo Vignatti?	El Dr. Agustín Vignatti atiende los lunes de 16:00 a 16:30 horas y los miércoles de 1	El cardiólogo Vignatti Agustín atiende en el Centro Médico MutuaLyF, Junín 2956, Sant	4.8	⚠️	medio	La respuesta es completa y correcta en horarios, pero agrega la dirección exacta del
profesional	¿Dónde puedo ir a atenderme con el Dr. Vignatti?	El Dr. Agustín Vignatti atiende en el Centro Médico MutuaLyF, ubicado en Junín 2956,	Puedes atenderte con el Dr. Vignatti en el Centro Médico MutuaLyF, ubicado en Junín 2	4.0	⚠️	medio	El bot responde correctamente la ubicación pero agrega horarios específicos que no fi
profesional	¿El cardiólogo Vignatti atiende los sábados?	No, el Dr. Agustín Vignatti no atiende los sábados. Sus horarios de atención son los	No encontré esa información en los documentos disponibles. Te recomiendo consultar di	2.8	⚠️	bajo	El bot no alucinó ni inventó datos, pero falló en recuperar información disponible so
profesional	¿Cuándo atiende el Dr. Vignatti?	El Dr. Hugo Alberto Vignatti atiende los lunes de 09:00 a 11:50 horas y los jueves de	El Dr. Vignatti, especialista en Cardiología, atiende en el Centro Médico MutuaLyF, J	2.3	❌	alto	El bot respondió la pregunta con formato adecuado pero los horarios proporcionados (l
profesional	¿Dónde se atiende el ecografista Vignatti?	El Dr. Hugo Alberto Vignatti atiende en el Centro Médico MutuaLyF, ubicado en Junín 2	El ecografista Vignatti Hugo Alberto se atiende en el Centro Médico MutuaLyF, ubicado	5.0	✅	bajo	La respuesta del bot es prácticamente idéntica al ground truth, con todos los datos c
profesional	¿El Dr. Vignatti atiende los miércoles?	No, el Dr. Vignatti no atiende los miércoles. Sus días de atención son lunes (09:00 a	Sí, el Dr. Vignatti atiende los miércoles de 16:00 a 17:40 horas en el Centro Médico	2.0	❌	alto	El bot afirma que el Dr. Vignatti atiende los miércoles con un horario inventado, cua
profesional	¿Cuándo atiende el Dr. Vivas Méndez de tocoginecología?	El Dr. Sergio Leonardo Vivas Méndez atiende los lunes de 16:30 a 18:30 horas, martes	El Dr. Vivas Méndez de tocoginecología atiende en el Centro Médico MutuaLyF en los si	5.0	✅	bajo	La respuesta del bot es completamente correcta, incluye todos los horarios del ground
profesional	¿Dónde puedo sacar turno con el especialista en tocoginecología?	El Dr. Sergio Leonardo Vivas Méndez atiende en el Centro Médico MutuaLyF ubicado en J	Los turnos con el especialista en tocoginecología, Sergio Leonardo Vivas Méndez, se p	4.3	⚠️	medio	La respuesta es completa y relevante, pero agrega canales de contacto (web, turnero o
profesional	¿El Dr. Vivas atiende los miércoles?	No, el Dr. Sergio Leonardo Vivas Méndez no atiende los miércoles. Sus días de atenció	No, el Dr. Vivas atiende los lunes, martes y jueves. No tiene atención los miércoles.	4.8	✅	bajo	La respuesta es correcta y relevante, confirmando que el Dr. Vivas no atiende los mié
profesional	¿Cuándo atiende el Dr. Wenger de cirugía general?	El Dr. Wenger Luciano Martín atiende los martes de 12:00 a 14:45 horas en el Centro M	El Dr. Wenger Matías Guillermo atiende los jueves de 13:30 a 14:45 horas. El Dr. Weng	3.5	⚠️	medio	El bot incluye correctamente al Dr. Wenger Luciano Martín pero agrega un segundo médi
profesional	¿Dónde puedo consultar con un cirujano en MutuaLyF?	Contamos con el Dr. Wenger Luciano Martín, especialista en Cirugía General, que atien	No encontré esa información en los documentos disponibles. Te recomiendo consultar di	2.8	⚠️	bajo	El bot no alucinó datos, pero falló en recuperar información disponible sobre el Dr.
profesional	¿El Dr. Wenger atiende los lunes o tengo que ir otro día?	El Dr. Wenger Luciano Martín solo atiende los martes de 12:00 a 14:45 horas. No tiene	El Dr. Wenger Luciano Martín atiende los martes de 12:00 a 14:45 horas, y el Dr. Weng	3.8	⚠️	medio	El bot responde correctamente que no atienden los lunes y acierta con los datos del D
profesional	¿Cuándo atiende el Dr. Wenger de cirugía general?	El Dr. Matías Guillermo Wenger atiende los jueves de 13:30 a 14:45 horas en el Centro	El Dr. Wenger Matías Guillermo atiende los jueves de 13:30 a 14:45 horas. El Dr. Weng	4.3	⚠️	medio	El bot responde correctamente los datos del Dr. Matías Wenger pero agrega información
profesional	¿Dónde puedo atenderme con el Dr. Wenger?	El Dr. Matías Guillermo Wenger atiende en el Centro Médico MutuaLyF, ubicado en Junín	Puedes atenderte con el Dr. Wenger en el Centro Médico MutuaLyF, ubicado en Junín 295	4.5	⚠️	medio	La respuesta es correcta y útil, pero la pregunta de seguimiento sobre 'algún Dr. Wen